1,8,957.44,650.27,2,20,11,293,2021-10-11,7659.52
2,3,812.38,543.75,44,16,5,351,2021-01-22,2437.14
3,5,442.24,694.52,55,37,8,133,2023-02-27,2211.2
4,6,936.15,613.99,70,7,6,345,2024-07-11,5616.9
5,9,102.75,453.47,92,2,9,277,2021-09-05,924.75
6,9,627.97,73.66,51,20,15,242,2023-07-19,5651.73
7,7,352.47,199.59,83,39,3,343,2024-03-03,2467.29
8,2,234.25,157.2,73,19,9,37,2020-12-06,468.5
9,4,162.95,204.1,49,19,17,359,2022-08-07,651.8
10,6,192.78,555.94,84,9,7,118,2021-02-19,1156.68
11,7,731.8,600.39,65,22,4,43,2020-08-12,5122.6
12,2,321.79,180.33,38,21,17,295,2023-02-12,643.58
13,3,66.89,653.9,70,19,19,181,2022-08-16,200.67
14,5,620.1,79.29,40,18,20,76,2024-02-24,3100.5
15,4,757.26,381.44,92,41,5,228,2020-08-03,3029.04
16,9,206.17,479.39,3,38,8,158,2022-03-19,1855.53
17,8,772.09,580.09,63,43,11,246,2024-07-26,6176.72
18,2,818.58,211.72,24,8,3,14,2020-04-26,1637.16
19,9,757.48,113.85,1,31,6,177,2023-06-14,6817.32
20,8,494.24,243.23,66,18,3,312,2024-07-17,3953.92
21,10,947.95,686.64,96,46,8,83,2023-10-24,9479.5
22,7,186.39,216.28,50,37,11,267,2024-04-24,1304.73
23,3,559.92,691.52,6,45,11,120,2024-06-29,1679.76
24,4,203.97,422.64,92,45,19,10,2023-10-12,815.88
25,1,156.5,135.61,95,31,17,221,2020-03-09,156.5
26,4,882.89,229.43,69,38,6,236,2020-06-12,3531.56
27,1,962.78,31.05,6,2,15,134,2022-02-08,962.78
28,4,853.18,321.25,86,27,18,110,2022-10-03,3412.72
29,8,304.0,265.84,65,20,12,84,2021-08-27,2432.0
30,9,818.58,63.47,2,8,1,351,2024-03-07,7367.22
31,2,657.03,294.37,78,29,8,167,2022-01-18,1314.06
32,3,363.82,184.95,2,14,11,283,2021-10-24,1091.46
33,4,245.32,90.28,59,28,14,280,2020-12-11,981.28
34,1,75.78,396.94,18,19,18,209,2022-12-02,75.78
35,7,106.25,371.98,7,42,1,151,2024-05-23,743.75
36,3,835.47,62.21,14,32,12,145,2020-02-03,2506.41
37,3,879.29,419.99,30,39,1,259,2021-09-23,2637.87
38,8,748.54,105.68,1,45,7,140,2024-03-13,5988.32
39,1,160.25,97.43,93,10,10,84,2022-05-20,160.25
40,3,977.07,303.76,46,34,13,103,2021-04-08,2931.21
41,6,418.43,548.94,11,26,14,236,2024-04-15,2510.58
42,9,901.23,36.27,42,25,10,67,2020-11-19,8111.07
43,3,599.7,453.93,100,32,16,182,2020-08-07,1799.1
44,3,782.8,32.47,87,45,3,118,2022-03-10,2348.4
45,9,552.94,144.57,27,42,13,189,2021-11-06,4976.46
46,2,961.47,83.67,20,32,8,104,2020-05-25,1922.94
47,2,600.78,299.08,56,3,9,193,2023-12-29,1201.56
48,3,986.58,550.87,99,44,16,251,2021-05-16,2959.74
49,1,412.39,38.43,37,47,8,132,2021-03-17,412.39
50,1,431.29,92.02,35,38,14,317,2022-02-24,431.29
51,6,235.49,265.94,99,1,19,114,2021-09-12,1412.94
52,9,878.56,622.91,80,50,11,327,2020-09-29,7907.04
53,4,176.74,152.93,35,36,14,313,2020-04-04,706.96
54,10,320.95,518.6,13,5,16,196,2024-07-21,3209.5
55,4,696.85,478.2,80,16,13,140,2024-03-30,2787.4
56,6,84.62,74.24,84,23,13,359,2020-03-25,507.72
57,9,305.72,180.06,75,17,14,119,2024-02-24,2751.48
58,1,670.48,280.09,66,26,11,313,2024-01-09,670.48
59,1,617.59,291.64,52,10,18,99,2024-01-29,617.59
60,6,92.92,424.06,2,9,7,356,2023-05-19,557.52
61,9,743.01,58.96,42,8,14,340,2020-02-05,6687.09
62,5,686.26,281.01,23,37,2,99,2020-10-30,3431.3
63,6,748.26,417.29,8,2,11,222,2021-07-13,4489.56
64,3,55.98,655.12,89,11,10,285,2021-06-13,167.94
65,8,828.87,232.76,7,26,5,267,2020-06-22,6630.96
66,5,863.69,483.43,76,18,14,287,2022-03-12,4318.45
67,8,453.99,457.97,1,12,18,321,2021-07-01,3631.92
68,10,443.81,170.64,59,17,2,117,2020-11-06,4438.1
69,10,199.41,265.07,61,50,17,308,2021-02-20,1994.1
70,1,896.07,566.14,88,12,14,347,2024-02-18,896.07
71,2,202.86,171.06,22,23,13,63,2022-05-30,405.72
72,2,187.91,555.68,53,43,13,186,2021-01-29,375.82
73,1,996.43,601.41,77,9,16,22,2024-09-01,996.43
74,2,309.43,549.83,72,3,17,265,2024-06-13,618.86
75,2,983.23,130.82,66,46,13,262,2024-08-10,1966.46
76,9,456.33,403.65,87,9,9,49,2022-09-17,4106.97
77,6,633.12,279.48,100,2,16,273,2022-05-10,3798.72
78,2,459.96,355.11,90,29,9,107,2020-02-27,919.92
79,3,463.67,404.82,38,39,13,8,2023-02-22,1391.01
80,4,652.32,417.9,10,8,15,244,2021-06-07,2609.28
81,10,126.26,94.42,34,39,1,354,2022-10-10,1262.6
82,3,414.28,117.87,39,2,19,228,2021-12-25,1242.84
83,9,255.4,55.77,94,29,5,99,2020-08-15,2298.6
84,10,105.59,397.58,48,41,1,359,2020-06-15,1055.9
85,10,154.53,631.52,95,20,5,160,2022-02-25,1545.3
86,8,539.88,374.05,28,33,2,280,2020-01-01,4319.04
87,3,53.16,303.88,42,18,11,50,2021-05-10,159.48
88,1,946.06,688.63,20,43,8,170,2024-04-22,946.06
89,1,823.97,385.75,72,41,19,244,2021-11-12,823.97
90,3,548.12,453.78,76,50,10,7,2020-12-06,1644.36
91,3,470.74,322.47,73,39,12,165,2022-12-10,1412.22
92,3,564.55,268.79,70,21,7,301,2021-07-05,1693.65
93,2,449.45,649.7,32,14,5,137,2021-09-01,898.9
94,6,971.78,137.87,54,21,19,236,2022-03-19,5830.68
95,7,573.47,605.42,23,14,16,237,2020-06-30,4014.29
96,5,521.43,63.22,90,15,5,364,2024-04-29,2607.15
97,2,534.61,366.54,76,1,5,350,2024-03-07,1069.22
98,9,869.31,555.5,81,19,17,128,2023-05-19,7823.79
99,1,181.13,311.09,9,43,3,285,2021-06-07,181.13
100,10,454.3,618.33,83,27,20,194,2020-06-11,4543.0
101,9,52.04,135.51,3,45,8,47,2021-08-31,468.36
102,9,993.24,388.53,97,43,9,307,2023-08-25,8939.16
103,10,134.76,124.68,83,29,4,46,2022-06-11,1347.6
104,10,235.93,689.41,10,50,4,165,2022-02-06,2359.3
105,8,218.62,192.14,90,43,5,290,2024-03-16,1748.96
106,9,430.41,540.73,26,22,3,191,2020-05-12,3873.69
107,10,924.01,602.54,29,17,18,63,2023-04-18,9240.1
108,1,992.1,204.52,29,32,16,268,2023-06-07,992.1
109,8,458.28,539.66,76,20,19,127,2021-03-07,3666.24
110,4,720.92,256.6,32,22,7,313,2023-02-04,2883.68
111,8,175.01,32.22,91,8,9,108,2020-05-04,1400.08
112,2,489.92,93.3,6,1,18,266,2024-09-04,979.84
113,1,912.56,344.54,4,43,20,171,2022-02-11,912.56
114,7,518.42,345.56,49,15,11,234,2022-03-27,3628.94
115,1,281.42,138.23,39,4,11,183,2023-04-19,281.42
116,6,361.85,411.66,15,23,16,165,2020-07-15,2171.1
117,10,890.51,102.68,38,32,19,47,2022-01-29,8905.1
118,4,925.31,272.3,1,6,15,208,2022-10-22,3701.24
119,7,553.12,569.41,57,36,16,212,2021-08-15,3871.84
120,7,845.12,207.81,64,12,14,343,2021-07-14,5915.84
121,3,257.29,193.57,46,31,7,3,2023-04-27,771.87
122,3,796.32,606.79,9,21,12,254,2020-05-22,2388.96
123,4,633.83,425.44,20,9,17,333,2023-11-08,2535.32
124,1,946.33,429.46,78,31,7,77,2024-06-06,946.33
125,2,803.93,441.81,79,22,7,234,2022-12-18,1607.86
126,8,905.28,458.62,66,6,5,307,2022-01-17,7242.24
127,5,379.74,62.91,14,49,8,357,2022-03-16,1898.7
128,6,479.41,31.51,18,9,7,292,2024-01-20,2876.46
129,3,285.73,142.4,53,26,6,137,2023-08-02,857.19
130,1,527.9,83.28,75,7,7,314,2024-06-20,527.9
131,9,131.6,604.25,68,2,19,112,2022-07-22,1184.4
132,2,407.7,373.68,49,10,16,312,2024-06-30,815.4
133,4,444.92,231.38,11,15,13,355,2024-07-27,1779.68
134,6,128.7,63.78,27,41,4,96,2021-10-22,772.2
135,5,972.24,343.72,67,23,10,186,2023-11-14,4861.2
136,8,470.74,646.1,72,34,12,172,2020-01-24,3765.92
137,1,945.31,225.46,90,14,4,111,2021-02-16,945.31
138,2,918.22,172.93,78,29,2,350,2023-09-09,1836.44
139,2,160.12,260.27,97,32,8,362,2021-02-10,320.24
140,5,145.11,265.05,64,3,1,40,2021-03-02,725.55
141,4,898.31,212.53,39,3,20,201,2023-12-30,3593.24
142,9,691.51,128.35,64,48,12,275,2022-08-02,6223.59
143,6,952.63,190.95,26,24,19,309,2021-08-02,5715.78
144,6,178.94,646.07,91,2,19,248,2022-02-16,1073.64
145,4,410.62,544.08,88,30,4,196,2020-04-07,1642.48
146,4,179.94,58.05,44,33,18,111,2020-07-28,719.76
147,6,709.5,435.77,79,4,14,110,2024-01-15,4257.0
148,9,417.31,517.5,32,2,9,333,2020-05-25,3755.79
149,9,600.59,538.44,72,10,9,111,2022-10-29,5405.31
150,4,634.18,468.84,95,27,6,195,2022-09-27,2536.72
151,8,466.45,346.08,96,14,19,120,2020-04-06,3731.6
152,7,523.06,264.53,83,10,5,214,2021-01-13,3661.42
153,2,524.35,100.76,32,46,5,362,2020-07-17,1048.7
154,6,575.79,201.43,85,37,7,15,2021-08-20,3454.74
155,5,895.92,35.2,61,21,4,338,2023-07-24,4479.6
156,7,872.38,665.18,28,15,9,65,2022-11-02,6106.66
157,2,521.57,108.26,29,44,5,161,2021-06-12,1043.14
158,4,622.5,271.01,10,39,20,6,2022-08-22,2490.0
159,8,343.92,197.36,35,31,14,25,2024-04-23,2751.36
160,6,766.39,173.76,14,44,13,44,2020-11-25,4598.34
161,2,496.94,258.26,68,13,18,327,2024-03-30,993.88
162,10,436.27,468.7,24,30,16,311,2023-12-06,4362.7
163,10,974.53,184.38,54,50,20,229,2020-01-21,9745.3
164,9,330.86,420.92,9,8,3,122,2021-05-17,2977.74
165,4,372.28,340.32,94,26,10,132,2023-08-27,1489.12
166,3,453.96,546.14,65,48,1,46,2022-04-27,1361.88
167,9,832.8,351.14,88,12,12,43,2024-06-13,7495.2
168,6,128.12,33.73,89,15,5,330,2020-10-24,768.72
169,7,500.97,497.05,75,27,9,23,2022-10-06,3506.79
170,3,321.86,682.26,81,38,20,61,2024-04-04,965.58
171,3,60.34,443.15,83,6,9,108,2020-01-20,181.02
172,8,94.24,128.47,31,15,20,35,2023-06-28,753.92
173,4,760.84,431.94,49,8,14,298,2020-11-09,3043.36
174,3,609.16,136.2,58,32,16,56,2022-01-26,1827.48
175,10,614.12,596.0,81,34,2,213,2023-02-09,6141.2
176,9,952.78,48.41,84,7,8,360,2020-11-08,8575.02
177,7,70.05,616.71,77,27,17,44,2021-11-05,490.35
178,10,425.94,348.07,13,13,17,13,2024-01-28,4259.4
179,5,965.93,499.99,9,35,10,29,2024-06-15,4829.65
180,1,128.78,671.61,82,26,6,210,2024-06-18,128.78
181,10,506.12,535.19,95,43,7,284,2021-03-31,5061.2
182,6,393.1,273.07,32,36,13,56,2020-05-24,2358.6
183,1,548.34,103.36,74,27,8,96,2022-05-02,548.34
184,5,519.98,85.38,34,43,14,200,2024-05-23,2599.9
185,7,484.75,36.15,5,37,3,357,2022-02-28,3393.25
186,9,405.73,295.67,49,12,5,260,2021-08-06,3651.57
187,10,987.03,548.8,51,19,7,76,2022-10-10,9870.3
188,8,871.98,519.42,57,9,16,89,2022-07-27,6975.84
189,1,862.93,564.78,92,5,4,150,2023-08-13,862.93
190,9,444.54,485.54,7,39,3,50,2021-01-08,4000.86
191,9,726.13,40.38,92,40,17,59,2022-10-15,6535.17
192,2,290.83,337.2,97,26,6,181,2024-07-02,581.66
193,4,917.77,232.73,50,1,7,169,2020-03-27,3671.08
194,3,208.27,200.3,34,24,13,209,2020-07-31,624.81
195,3,393.02,491.24,13,16,16,336,2024-06-05,1179.06
196,9,534.73,382.48,39,42,20,115,2021-12-16,4812.57
197,9,592.53,83.97,26,36,13,261,2022-09-26,5332.77
198,5,589.24,694.31,24,39,4,200,2022-02-02,2946.2
199,10,274.45,299.95,60,4,19,41,2020-10-31,2744.5
200,10,470.78,377.54,90,17,1,116,2020-07-22,4707.8
201,2,183.36,489.61,70,19,13,49,2023-09-04,366.72
202,9,215.18,100.76,13,6,12,44,2020-08-25,1936.62
203,7,124.0,659.86,70,16,13,170,2020-07-25,868.0
204,8,933.37,642.68,79,26,10,217,2021-05-23,7466.96
205,10,412.15,45.9,82,16,15,246,2022-05-26,4121.5
206,7,639.56,104.76,67,11,6,179,2023-03-22,4476.92
207,5,948.31,187.18,14,49,19,18,2022-04-13,4741.55
208,2,781.53,167.12,20,5,4,310,2020-03-29,1563.06
209,5,616.97,472.91,52,25,11,291,2023-06-29,3084.85
210,6,837.25,506.94,59,8,16,31,2021-04-02,5023.5
211,3,921.72,577.58,48,24,4,347,2022-07-01,2765.16
212,9,315.49,169.68,23,9,17,333,2022-01-05,2839.41
213,1,965.15,554.56,28,25,8,32,2023-02-22,965.15
214,3,398.42,608.93,20,6,4,241,2021-04-20,1195.26
215,5,62.04,366.48,18,26,13,335,2020-06-09,310.2
216,3,908.49,167.22,62,20,1,359,2024-02-08,2725.47
217,6,251.5,110.86,60,47,5,79,2023-07-24,1509.0
218,3,620.51,370.51,94,26,11,111,2020-11-03,1861.53
219,6,155.65,267.39,15,26,5,336,2022-04-29,933.9
220,9,576.18,280.17,64,37,5,322,2023-01-20,5185.62
221,9,532.34,58.25,36,30,19,304,2020-03-12,4791.06
222,7,215.01,254.05,34,15,6,20,2024-03-15,1505.07
223,5,505.72,124.19,54,20,3,79,2023-04-17,2528.6
224,6,757.91,362.43,50,48,3,131,2022-08-11,4547.46
225,5,571.29,479.46,49,9,12,279,2023-12-25,2856.45
226,5,353.42,246.81,68,42,1,274,2023-06-22,1767.1
227,4,118.93,617.72,30,6,16,150,2022-11-26,475.72
228,4,901.76,199.45,23,9,20,244,2022-06-17,3607.04
229,5,822.65,315.52,99,8,19,23,2022-04-17,4113.25
230,4,384.06,494.59,62,35,6,260,2023-03-28,1536.24
231,8,825.45,380.67,91,29,11,145,2024-05-22,6603.6
232,10,574.55,426.26,48,40,9,157,2021-02-13,5745.5
233,10,131.38,111.33,29,22,17,45,2022-01-16,1313.8
234,6,725.8,232.94,83,35,5,124,2023-07-11,4354.8
235,3,562.85,122.33,52,42,5,291,2022-11-11,1688.55
236,9,996.49,139.22,58,16,18,186,2023-01-15,8968.41
237,4,366.58,697.92,37,42,15,360,2022-06-05,1466.32
238,4,68.02,222.79,28,8,10,224,2023-10-21,272.08
239,8,992.8,248.29,69,29,5,206,2021-04-11,7942.4
240,10,694.59,542.39,6,16,9,177,2023-08-26,6945.9
241,8,492.25,305.58,35,5,1,309,2024-04-12,3938.0
242,8,759.93,66.72,40,11,17,157,2022-08-27,6079.44
243,4,168.06,128.4,31,36,10,302,2021-06-14,672.24
244,4,423.67,616.27,72,40,8,183,2022-03-30,1694.68
245,6,465.55,323.65,81,29,14,326,2022-06-06,2793.3
246,2,316.72,147.84,83,12,12,342,2020-09-16,633.44
247,3,470.72,645.38,100,28,3,212,2022-11-25,1412.16
248,8,244.96,206.73,11,3,6,325,2020-12-22,1959.68
249,1,88.45,530.53,35,33,11,1,2023-05-28,88.45
250,5,915.25,666.96,50,43,15,66,2022-04-11,4576.25
251,3,439.41,135.69,85,13,16,116,2024-08-20,1318.23
252,4,969.63,291.18,91,36,13,302,2022-08-21,3878.52
253,5,158.78,99.31,28,46,14,267,2022-04-18,793.9
254,8,679.14,512.61,77,3,13,11,2022-08-11,5433.12
255,5,695.21,343.19,10,38,19,31,2022-04-13,3476.05
256,2,970.98,135.3,94,44,13,80,2023-03-26,1941.96
257,3,408.06,58.36,30,18,2,286,2022-07-10,1224.18
258,2,210.05,245.27,95,44,17,236,2024-04-08,420.1
259,1,275.67,177.28,1,4,7,152,2023-03-13,275.67
260,4,698.66,670.75,46,16,20,49,2022-04-09,2794.64
261,10,965.46,631.38,18,10,17,359,2022-12-17,9654.6
262,4,712.24,318.7,76,15,10,283,2020-07-02,2848.96
263,6,826.07,238.71,94,13,18,105,2024-04-07,4956.42
264,2,68.31,663.85,25,42,13,124,2022-11-15,136.62
265,5,955.76,624.07,32,12,6,278,2022-11-05,4778.8
266,10,323.89,357.42,67,7,2,362,2023-12-26,3238.9
267,9,54.91,377.18,83,7,14,326,2020-06-12,494.19
268,9,890.31,573.57,96,13,13,269,2021-04-11,8012.79
269,5,771.78,182.1,64,3,1,161,2022-07-05,3858.9
270,5,968.41,300.6,2,33,20,153,2020-09-02,4842.05
271,8,609.17,130.52,57,46,10,245,2024-07-27,4873.36
272,4,272.27,347.08,83,49,7,188,2021-07-07,1089.08
273,2,958.61,68.81,84,13,6,354,2021-02-08,1917.22
274,4,760.83,653.73,3,18,4,119,2020-08-19,3043.32
275,1,379.55,535.79,1,43,5,174,2022-05-07,379.55
276,2,160.42,539.41,18,30,9,28,2024-05-02,320.84
277,4,976.21,380.73,17,28,7,272,2021-11-15,3904.84
278,4,828.2,182.54,2,14,13,61,2021-05-20,3312.8
279,5,955.91,371.88,38,50,1,123,2020-02-05,4779.55
280,6,421.98,600.3,98,21,9,1,2024-07-15,2531.88
281,2,577.99,410.66,50,10,2,86,2024-01-12,1155.98
282,9,263.21,290.02,88,37,17,266,2020-06-07,2368.89
283,4,412.25,62.54,31,18,20,334,2020-11-07,1649.0
284,9,288.71,185.87,53,49,6,107,2023-07-11,2598.39
285,6,994.0,533.98,97,36,19,140,2020-10-08,5964.0
286,2,242.01,629.1,49,31,18,44,2020-06-20,484.02
287,9,108.32,263.31,25,34,16,346,2020-10-09,974.88
288,1,774.22,133.65,76,46,10,39,2020-03-06,774.22
289,9,312.3,32.18,11,16,7,274,2022-01-25,2810.7
290,5,417.93,46.36,30,9,4,351,2024-01-18,2089.65
291,8,220.75,549.8,22,48,13,165,2022-03-28,1766.0
292,7,685.72,212.01,49,35,7,77,2023-07-01,4800.04
293,8,77.99,597.16,6,43,7,245,2022-04-14,623.92
294,2,980.3,373.17,92,24,16,295,2020-02-24,1960.6
295,5,90.22,127.03,74,20,1,42,2022-09-13,451.1
296,1,727.69,79.68,25,25,12,206,2022-05-22,727.69
297,6,221.63,146.09,18,4,16,298,2021-06-10,1329.78
298,1,777.37,168.02,19,14,3,234,2020-05-08,777.37
299,6,266.43,337.39,76,37,13,4,2023-01-06,1598.58
300,8,514.81,382.34,15,19,17,286,2023-09-15,4118.48
301,1,145.7,549.71,11,47,7,362,2020-08-21,145.7
302,9,268.04,332.07,22,45,10,287,2022-09-16,2412.36
303,8,787.88,209.69,53,21,3,125,2022-07-20,6303.04
304,4,979.94,274.38,53,47,20,283,2021-03-22,3919.76
305,3,279.27,581.79,45,14,8,285,2022-11-09,837.81
306,10,292.39,242.07,84,22,5,278,2020-10-12,2923.9
307,10,107.6,199.46,49,28,7,69,2023-06-13,1076.0
308,5,150.3,621.82,37,33,6,212,2024-06-29,751.5
309,6,839.54,217.6,72,3,6,361,2021-09-25,5037.24
310,1,733.17,374.52,91,9,18,182,2023-06-06,733.17
311,5,74.76,183.28,56,41,13,323,2020-09-09,373.8
312,4,345.86,280.67,54,10,17,238,2022-01-26,1383.44
313,3,658.51,191.82,81,26,1,232,2020-12-24,1975.53
314,8,146.07,672.83,81,11,5,26,2022-03-24,1168.56
315,2,927.12,346.69,30,4,18,298,2021-12-01,1854.24
316,6,882.88,379.15,50,24,7,183,2021-08-24,5297.28
317,6,430.62,70.29,70,37,14,274,2020-05-11,2583.72
318,7,307.09,387.9,66,7,5,354,2020-12-06,2149.63
319,3,873.96,37.36,100,32,10,221,2020-08-01,2621.88
320,6,987.2,238.05,52,17,12,228,2021-08-20,5923.2
321,1,825.53,446.57,53,13,10,167,2021-02-16,825.53
322,6,379.27,369.25,86,46,2,61,2021-03-19,2275.62
323,3,223.2,597.96,81,32,20,296,2023-11-04,669.6
324,2,567.73,441.33,91,13,10,310,2022-03-06,1135.46
325,8,279.22,671.9,69,10,4,6,2022-02-03,2233.76
326,4,750.58,144.23,83,24,6,214,2024-05-17,3002.32
327,5,107.95,38.15,61,39,14,214,2021-09-19,539.75
328,4,931.78,457.36,50,19,8,166,2021-02-01,3727.12
329,8,342.86,569.25,28,4,16,128,2021-03-08,2742.88
330,2,736.06,553.14,69,48,5,24,2022-03-15,1472.12
331,9,63.54,444.51,16,20,12,305,2022-11-20,571.86
332,2,849.95,269.96,71,41,4,108,2021-07-26,1699.9
333,8,718.6,683.02,42,23,1,3,2023-04-14,5748.8
334,5,368.8,391.67,9,30,5,188,2024-01-13,1844.0
335,3,176.81,399.58,6,2,11,333,2020-11-23,530.43
336,10,957.89,629.5,53,13,19,138,2020-10-03,9578.9
337,5,65.02,362.95,68,11,11,188,2024-05-17,325.1
338,10,862.65,305.48,62,42,3,172,2022-06-20,8626.5
339,3,733.19,680.07,14,21,6,261,2023-05-20,2199.57
340,6,606.08,472.93,52,10,13,340,2020-07-09,3636.48
341,10,906.85,623.28,83,46,15,197,2023-09-24,9068.5
342,2,495.64,633.93,57,8,11,248,2022-09-25,991.28
343,8,634.19,60.57,74,13,17,273,2020-10-06,5073.52
344,1,962.0,667.09,39,18,4,304,2020-05-11,962.0
345,2,397.81,112.78,87,37,7,290,2023-01-17,795.62
346,8,184.12,496.8,51,1,13,73,2024-05-29,1472.96
347,3,749.2,497.84,8,17,8,93,2022-11-07,2247.6
348,4,989.93,557.29,84,3,10,37,2020-05-12,3959.72
349,4,962.19,686.81,92,25,6,127,2020-03-21,3848.76
350,4,245.69,523.58,57,48,3,109,2020-03-01,982.76
351,8,216.3,694.14,33,47,2,22,2023-08-24,1730.4
352,5,602.35,52.42,93,5,8,224,2024-08-22,3011.75
353,5,994.03,576.86,33,18,13,279,2020-03-25,4970.15
354,1,388.4,170.07,41,6,20,46,2022-11-07,388.4
355,10,996.49,239.55,26,8,18,101,2022-08-13,9964.9
356,4,663.08,247.46,55,7,8,123,2020-05-18,2652.32
357,8,227.57,238.89,6,34,7,251,2024-04-15,1820.56
358,8,928.11,195.83,90,18,6,14,2021-08-11,7424.88
359,4,215.39,363.82,61,44,6,288,2020-04-11,861.56
360,3,369.77,145.43,94,34,4,90,2021-05-29,1109.31
361,6,170.6,516.69,62,9,14,85,2023-04-12,1023.6
362,10,74.06,425.76,23,48,6,19,2021-09-02,740.6
363,10,309.87,502.04,33,10,13,264,2023-04-30,3098.7
364,7,381.65,304.56,61,42,9,145,2022-03-26,2671.55
365,2,583.15,665.07,81,6,15,321,2021-05-28,1166.3
366,4,482.51,550.77,42,18,12,100,2024-01-21,1930.04
367,8,501.43,124.22,6,39,7,10,2023-04-04,4011.44
368,2,277.99,154.17,18,16,11,87,2021-02-12,555.98
369,2,671.21,426.91,42,3,2,301,2021-10-14,1342.42
370,6,790.19,547.94,80,30,3,244,2021-05-24,4741.14
371,3,765.51,247.82,35,2,2,345,2021-01-31,2296.53
372,8,763.2,124.62,17,42,11,244,2020-07-24,6105.6
373,4,636.15,591.2,30,26,6,330,2023-09-03,2544.6
374,7,137.19,490.07,82,24,4,9,2020-09-03,960.33
375,2,414.67,387.83,63,48,3,199,2020-11-08,829.34
376,6,483.17,284.48,40,28,17,244,2020-07-30,2899.02
377,9,634.13,504.36,9,50,11,131,2023-03-02,5707.17
378,6,719.99,91.09,74,17,7,300,2022-06-20,4319.94
379,1,433.66,113.62,74,18,3,341,2022-02-23,433.66
380,8,680.64,681.67,59,42,18,152,2020-06-08,5445.12
381,2,385.21,395.83,31,26,19,208,2023-07-21,770.42
382,9,89.15,449.47,80,36,17,248,2020-02-14,802.35
383,4,413.16,273.59,92,28,10,277,2022-07-07,1652.64
384,9,361.3,365.78,55,40,15,203,2020-04-28,3251.7
385,9,521.5,321.83,25,8,15,334,2022-03-31,4693.5
386,3,270.69,524.38,95,28,15,148,2022-06-25,812.07
387,9,642.66,48.85,43,43,7,47,2021-05-20,5783.94
388,3,266.34,67.11,61,37,5,103,2022-02-15,799.02
389,5,280.41,110.31,97,16,7,243,2023-12-01,1402.05
390,6,998.2,627.08,75,45,10,175,2023-03-23,5989.2
391,6,503.32,458.29,21,44,15,102,2022-12-13,3019.92
392,7,507.55,546.06,68,25,18,247,2023-10-18,3552.85
393,2,772.71,160.58,94,20,20,80,2024-03-04,1545.42
394,7,423.64,197.66,80,11,20,131,2022-11-11,2965.48
395,1,868.98,100.34,37,23,15,134,2022-08-19,868.98
396,3,347.18,448.37,87,47,2,3,2020-06-09,1041.54
397,9,746.51,119.89,70,34,19,291,2022-12-21,6718.59
398,6,212.59,350.11,45,16,10,105,2021-03-23,1275.54
399,1,585.08,527.33,82,22,12,328,2021-07-21,585.08
400,4,450.87,672.91,13,26,2,89,2021-12-28,1803.48
401,2,416.64,48.32,92,48,6,322,2020-02-06,833.28
402,10,400.56,519.02,4,15,19,57,2020-09-17,4005.6
403,3,69.25,407.94,99,9,17,46,2021-11-26,207.75
404,7,73.89,254.27,58,14,20,247,2020-04-09,517.23
405,10,871.89,112.4,48,37,6,334,2020-08-19,8718.9
406,4,247.9,229.26,1,47,16,308,2023-12-21,991.6
407,2,800.57,570.7,17,6,3,360,2021-04-18,1601.14
408,4,776.76,250.26,95,7,10,29,2021-11-28,3107.04
409,1,904.17,247.43,56,7,8,101,2023-07-24,904.17
410,8,287.67,230.4,37,16,5,143,2022-08-25,2301.36
411,3,593.91,211.58,27,28,20,243,2022-12-13,1781.73
412,9,196.66,554.24,49,24,8,48,2023-07-30,1769.94
413,9,179.54,597.82,13,36,15,222,2020-11-05,1615.86
414,1,216.86,662.54,22,30,11,89,2022-05-21,216.86
415,2,644.86,579.39,16,47,11,252,2024-04-28,1289.72
416,4,50.7,405.87,98,8,1,111,2022-10-17,202.8
417,6,808.62,432.85,10,10,14,198,2023-04-15,4851.72
418,2,962.26,265.89,18,15,2,41,2023-08-14,1924.52
419,9,460.58,374.85,39,19,14,323,2021-04-14,4145.22
420,6,381.26,697.69,70,48,10,342,2021-02-24,2287.56
421,5,53.83,606.07,22,49,10,132,2021-01-09,269.15
422,8,602.17,429.95,10,48,5,205,2023-05-27,4817.36
423,10,91.61,58.24,27,18,7,172,2023-08-02,916.1
424,6,693.31,558.51,19,29,7,197,2020-01-07,4159.86
425,6,143.01,648.4,31,9,14,95,2023-12-15,858.06
426,3,486.22,65.08,47,20,16,306,2024-01-20,1458.66
427,10,182.19,494.42,32,23,4,190,2020-03-27,1821.9
428,7,286.59,403.46,80,31,1,83,2022-11-16,2006.13
429,2,247.88,111.66,64,28,8,309,2022-12-08,495.76
430,4,949.37,514.13,49,46,19,216,2020-11-13,3797.48
431,3,520.68,268.29,5,15,11,62,2021-01-11,1562.04
432,6,522.63,682.46,76,46,18,214,2021-04-27,3135.78
433,7,795.5,646.39,77,5,3,63,2021-05-09,5568.5
434,6,570.19,429.98,76,48,16,201,2020-04-22,3421.14
435,10,959.53,236.07,19,25,12,26,2023-11-09,9595.3
436,8,176.38,216.61,19,14,19,312,2023-12-15,1411.04
437,2,722.15,376.28,44,8,10,24,2020-12-21,1444.3
438,9,430.42,334.04,49,45,12,331,2023-08-03,3873.78
439,1,511.44,134.1,33,37,16,29,2021-12-29,511.44
440,4,698.98,285.0,53,4,13,152,2022-04-11,2795.92
441,9,241.0,118.05,21,19,5,36,2021-11-13,2169.0
442,6,641.07,439.85,40,36,8,2,2020-12-05,3846.42
443,3,279.77,30.09,44,9,13,37,2020-05-02,839.31
444,2,513.27,604.1,56,28,10,322,2022-07-31,1026.54
445,6,637.38,284.14,41,23,5,312,2023-03-20,3824.28
446,6,738.87,321.51,2,40,3,241,2020-03-29,4433.22
447,5,847.63,346.46,27,29,14,297,2020-09-02,4238.15
448,5,815.05,488.74,65,12,11,128,2021-12-24,4075.25
449,10,803.63,395.1,86,27,2,142,2023-09-04,8036.3
450,7,703.26,676.22,19,28,19,258,2022-05-06,4922.82
451,3,180.67,363.22,2,36,10,351,2020-11-22,542.01
452,8,317.16,407.19,40,16,8,288,2021-01-05,2537.28
453,8,400.87,319.66,24,6,10,281,2020-03-05,3206.96
454,7,520.13,336.69,78,8,17,139,2021-04-28,3640.91
455,4,266.97,599.51,89,11,19,250,2023-12-07,1067.88
456,10,667.05,372.56,59,29,4,219,2020-05-13,6670.5
457,8,203.1,427.86,61,8,12,10,2024-01-11,1624.8
458,6,338.4,642.64,7,41,20,19,2021-06-10,2030.4
459,6,779.01,343.1,6,40,1,46,2021-02-01,4674.06
460,6,479.07,316.1,77,49,17,297,2021-06-23,2874.42
461,8,437.13,687.53,55,40,6,262,2022-11-20,3497.04
462,9,753.24,324.42,18,13,1,60,2023-08-02,6779.16
463,8,382.02,633.07,34,18,9,362,2021-11-30,3056.16
464,5,539.55,349.66,20,41,7,240,2020-02-12,2697.75
465,7,239.79,39.13,24,11,5,230,2020-10-27,1678.53
466,9,672.52,122.87,45,25,3,11,2023-09-24,6052.68
467,6,855.13,382.35,47,40,14,342,2024-06-19,5130.78
468,2,740.3,312.68,86,11,4,40,2020-04-26,1480.6
469,7,294.96,593.14,95,42,14,243,2021-07-12,2064.72
470,2,644.92,427.04,32,33,9,233,2021-11-18,1289.84
471,8,812.8,660.89,53,9,16,344,2022-04-15,6502.4
472,3,766.73,478.21,8,3,6,124,2024-08-31,2300.19
473,10,741.96,374.22,98,46,12,257,2024-06-27,7419.6
474,7,178.98,181.86,13,12,10,147,2020-10-14,1252.86
475,6,899.33,612.25,42,20,20,100,2023-12-01,5395.98
476,10,816.46,697.64,88,42,6,185,2020-08-11,8164.6
477,7,425.13,658.31,12,41,6,174,2023-02-07,2975.91
478,10,335.5,520.34,93,47,12,1,2021-05-11,3355.0
479,9,776.8,193.37,62,21,4,181,2024-06-06,6991.2
480,9,260.42,167.71,62,49,10,16,2022-11-16,2343.78
481,9,662.54,66.06,23,32,13,15,2023-07-06,5962.86
482,2,693.63,530.52,80,43,4,213,2022-09-06,1387.26
483,6,197.02,122.16,27,15,8,24,2023-09-02,1182.12
484,2,839.97,398.44,94,19,8,364,2021-01-09,1679.94
485,9,563.71,95.32,63,9,18,40,2020-05-25,5073.39
486,3,117.86,305.8,98,21,7,50,2023-08-13,353.58
487,1,120.08,484.76,21,4,11,100,2021-08-05,120.08
488,6,693.75,551.86,91,26,5,335,2023-11-21,4162.5
489,5,616.37,58.35,99,24,19,267,2020-05-02,3081.85
490,2,861.57,349.98,20,29,14,65,2023-11-28,1723.14
491,8,594.04,420.89,7,14,6,328,2022-12-01,4752.32
492,3,869.5,128.52,22,49,18,133,2020-06-23,2608.5
493,2,755.69,238.68,89,44,17,318,2021-12-04,1511.38
494,6,444.62,445.76,34,18,11,262,2020-01-27,2667.72
495,4,676.15,272.31,79,21,3,73,2024-02-18,2704.6
496,4,953.69,309.81,30,42,5,229,2022-07-11,3814.76
497,2,826.52,674.42,41,48,5,155,2022-03-25,1653.04
498,6,731.37,369.11,52,22,18,304,2020-09-12,4388.22
499,1,809.85,112.53,19,30,12,28,2022-03-07,809.85
500,4,604.5,489.23,54,26,12,309,2023-06-02,2418.0
501,1,82.17,613.56,61,13,12,108,2023-12-25,82.17
502,10,608.75,459.76,24,26,12,324,2022-11-15,6087.5
503,9,504.48,234.5,17,23,14,214,2022-03-06,4540.32
504,3,459.05,132.85,50,8,4,54,2020-07-27,1377.15
505,4,370.49,684.59,46,15,11,175,2023-02-18,1481.96
506,4,258.21,610.47,65,12,15,55,2021-08-29,1032.84
507,5,158.86,676.25,88,15,18,154,2023-11-07,794.3
508,6,459.64,226.48,53,35,20,199,2023-07-15,2757.84
509,1,931.4,152.38,84,46,3,204,2020-09-06,931.4
510,7,719.88,338.03,1,18,14,353,2023-02-02,5039.16
511,7,935.42,462.51,73,28,12,6,2023-01-20,6547.94
512,4,334.21,55.35,68,5,19,209,2022-08-01,1336.84
513,6,803.77,618.96,81,33,9,184,2021-08-03,4822.62
514,10,991.45,148.6,53,18,19,79,2021-01-30,9914.5
515,9,641.27,106.04,86,25,18,76,2020-12-19,5771.43
516,6,172.5,432.28,28,3,17,60,2022-08-12,1035.0
517,9,928.15,447.34,36,32,17,183,2021-02-05,8353.35
518,1,723.84,667.84,36,47,2,100,2023-01-29,723.84
519,6,844.54,362.23,10,39,12,147,2021-03-18,5067.24
520,9,676.35,168.73,5,50,17,271,2022-04-02,6087.15
521,1,941.44,524.07,65,17,11,338,2023-01-27,941.44
522,7,581.29,156.82,52,42,13,153,2023-05-09,4069.03
523,2,736.42,492.06,2,20,18,100,2023-08-15,1472.84
524,1,667.02,58.94,45,18,14,275,2023-05-22,667.02
525,4,236.23,152.97,79,26,2,25,2021-05-20,944.92
526,1,773.77,654.29,81,48,12,22,2021-11-20,773.77
527,2,926.97,253.76,60,30,9,90,2020-06-05,1853.94
528,6,216.95,277.39,40,8,9,83,2024-01-20,1301.7
529,8,357.6,134.05,50,18,1,33,2020-06-13,2860.8
530,9,995.78,682.4,95,48,4,315,2022-02-02,8962.02
531,4,177.58,560.16,44,19,5,104,2023-10-23,710.32
532,4,374.12,173.43,55,1,7,239,2022-12-25,1496.48
533,6,753.77,34.44,62,34,20,290,2023-10-28,4522.62
534,8,425.02,115.73,20,19,9,164,2024-07-24,3400.16
535,1,456.58,381.87,20,19,11,237,2020-09-24,456.58
536,2,229.45,531.02,44,24,2,312,2021-03-03,458.9
537,5,566.46,49.32,84,29,3,188,2021-08-14,2832.3
538,10,854.93,473.19,9,37,20,236,2022-09-10,8549.3
539,2,139.63,204.44,39,43,6,98,2021-10-04,279.26
540,10,357.5,148.55,81,26,1,36,2022-08-04,3575.0
541,8,656.1,649.22,81,19,3,127,2021-04-17,5248.8
542,4,131.36,630.36,96,39,7,67,2024-05-30,525.44
543,2,895.91,212.83,80,8,19,206,2021-05-14,1791.82
544,3,309.04,386.62,86,27,7,33,2021-01-14,927.12
545,3,748.87,231.45,57,35,11,315,2021-07-09,2246.61
546,9,472.26,378.68,43,27,8,356,2020-11-12,4250.34
547,4,600.35,562.84,27,16,19,315,2023-02-08,2401.4
548,5,671.95,563.66,5,4,12,187,2021-02-22,3359.75
549,5,806.54,434.75,98,13,5,119,2021-02-24,4032.7
550,7,182.1,369.5,7,1,1,44,2023-03-19,1274.7
551,10,235.56,248.92,11,9,13,199,2024-08-26,2355.6
552,10,95.38,394.07,60,40,11,4,2020-10-26,953.8
553,5,598.42,123.88,100,34,6,339,2023-02-14,2992.1
554,5,437.92,213.12,88,18,9,124,2022-07-08,2189.6
555,8,384.74,99.05,40,47,12,61,2022-12-11,3077.92
556,9,584.99,698.69,24,1,8,178,2023-08-12,5264.91
557,3,278.65,514.3,63,26,15,58,2022-04-30,835.95
558,7,537.44,467.29,35,15,8,224,2020-04-15,3762.08
559,2,117.29,398.72,77,27,7,293,2021-03-27,234.58
560,4,548.12,466.68,24,13,13,301,2023-02-18,2192.48
561,8,979.06,451.63,81,40,2,329,2022-05-29,7832.48
562,9,274.82,129.93,50,9,15,299,2023-05-19,2473.38
563,1,148.25,577.47,99,41,19,297,2022-07-09,148.25
564,10,464.9,96.71,61,49,16,234,2021-09-15,4649.0
565,1,914.66,72.11,33,26,10,215,2020-02-24,914.66
566,7,318.28,486.86,39,27,11,33,2021-12-25,2227.96
567,8,429.04,605.38,77,7,15,307,2020-12-07,3432.32
568,5,988.4,473.11,30,7,15,307,2023-02-09,4942.0
569,10,653.78,549.65,73,14,11,190,2023-04-18,6537.8
570,10,823.31,205.99,57,14,13,153,2020-07-30,8233.1
571,2,930.01,99.65,62,26,18,234,2021-09-02,1860.02
572,3,672.58,101.21,48,34,10,24,2024-05-26,2017.74
573,9,774.93,554.15,13,25,9,215,2020-08-11,6974.37
574,7,391.37,184.19,90,41,18,324,2022-06-27,2739.59
575,10,601.42,322.01,95,19,12,310,2021-08-30,6014.2
576,8,848.93,598.57,52,35,20,191,2021-05-17,6791.44
577,8,758.61,321.38,6,37,18,142,2024-02-16,6068.88
578,2,949.64,347.83,3,11,4,204,2021-07-05,1899.28
579,2,709.7,544.37,74,15,14,304,2022-07-27,1419.4
580,7,897.47,688.53,80,32,6,63,2020-05-18,6282.29
581,1,185.03,34.38,7,15,15,174,2020-06-16,185.03
582,1,521.73,61.05,85,31,17,43,2020-02-28,521.73
583,3,413.38,679.36,74,28,5,199,2023-03-06,1240.14
584,4,675.12,92.58,47,49,2,213,2020-02-12,2700.48
585,6,431.76,152.47,59,27,3,75,2024-03-16,2590.56
586,6,751.2,569.42,78,39,18,345,2022-08-29,4507.2
587,8,963.3,614.66,94,50,19,102,2021-05-10,7706.4
588,4,454.28,534.73,64,3,5,152,2023-10-05,1817.12
589,7,377.64,427.21,80,14,19,226,2020-11-04,2643.48
590,9,631.36,172.84,55,21,12,109,2023-02-22,5682.24
591,1,626.97,560.16,21,46,9,162,2024-03-15,626.97
592,2,257.6,456.23,84,50,6,91,2023-02-10,515.2
593,6,211.12,193.25,97,8,1,179,2020-02-24,1266.72
594,9,76.15,343.43,37,18,6,62,2020-07-18,685.35
595,7,988.69,172.51,93,33,8,363,2021-10-23,6920.83
596,6,695.12,401.43,63,19,1,2,2022-12-19,4170.72
597,7,673.77,427.04,27,16,16,311,2023-02-20,4716.39
598,5,263.81,171.12,41,31,7,192,2022-03-09,1319.05
599,2,263.98,427.77,59,2,10,358,2024-02-28,527.96
600,3,891.55,617.49,83,12,5,233,2023-01-15,2674.65
601,9,583.87,207.51,56,15,6,56,2022-03-04,5254.83
602,4,163.92,660.34,81,48,5,63,2022-03-13,655.68
603,5,159.02,486.04,45,7,6,312,2024-01-28,795.1
604,9,909.6,40.52,39,8,4,138,2021-09-14,8186.4
605,10,871.02,199.55,8,24,10,314,2022-11-18,8710.2
606,9,110.14,606.66,12,50,9,117,2024-04-19,991.26
607,7,788.55,234.59,94,42,9,100,2024-07-18,5519.85
608,9,500.53,664.21,62,3,4,14,2022-01-12,4504.77
609,6,173.71,35.96,45,48,12,4,2024-09-05,1042.26
610,1,346.88,284.6,32,34,8,266,2023-02-25,346.88
611,1,882.69,260.55,48,40,2,129,2020-09-16,882.69
612,7,705.6,686.85,26,8,6,293,2023-02-27,4939.2
613,6,655.2,610.91,77,9,11,91,2020-03-10,3931.2
614,2,562.26,199.79,99,5,3,248,2022-07-03,1124.52
615,6,494.91,545.09,72,14,11,16,2020-01-29,2969.46
616,3,788.66,260.4,33,2,13,353,2023-04-12,2365.98
617,4,975.25,381.4,77,7,2,329,2021-05-29,3901.0
618,10,713.47,393.27,92,50,18,43,2022-08-26,7134.7
619,7,309.04,223.76,9,35,14,354,2021-05-30,2163.28
620,4,812.96,166.4,4,16,7,63,2022-01-11,3251.84
621,1,309.09,80.92,8,22,13,175,2021-04-19,309.09
622,8,559.05,200.43,87,10,10,255,2023-05-06,4472.4
623,6,975.92,125.01,14,5,4,358,2024-06-23,5855.52
624,3,715.3,253.51,77,43,20,247,2020-08-17,2145.9
625,4,745.07,527.47,4,2,12,152,2022-12-28,2980.28
626,1,638.75,667.31,89,50,2,364,2022-05-18,638.75
627,10,356.69,216.48,24,31,20,40,2021-11-16,3566.9
628,5,449.18,100.7,86,35,19,132,2020-02-26,2245.9
629,5,874.89,227.77,76,30,13,103,2022-10-18,4374.45
630,1,107.06,85.9,91,35,7,316,2024-02-29,107.06
631,4,314.69,363.33,51,26,10,96,2023-05-03,1258.76
632,2,673.76,356.52,70,39,17,280,2024-06-16,1347.52
633,1,986.96,77.31,9,29,9,219,2020-04-15,986.96
634,7,912.65,646.8,7,39,16,293,2024-08-24,6388.55
635,9,496.53,303.69,67,44,8,94,2022-12-27,4468.77
636,5,400.28,86.78,15,41,14,179,2020-11-28,2001.4
637,9,998.02,201.61,77,4,6,24,2023-10-05,8982.18
638,4,593.35,228.38,69,19,12,151,2023-06-17,2373.4
639,7,958.78,490.36,52,47,18,183,2021-01-10,6711.46
640,8,132.8,492.55,31,50,3,155,2022-11-21,1062.4
641,6,944.53,92.07,56,37,12,275,2020-04-08,5667.18
642,4,376.04,153.77,83,49,9,152,2020-09-05,1504.16
643,9,292.76,390.92,81,25,6,123,2020-08-17,2634.84
644,8,680.99,383.31,86,29,6,298,2022-07-05,5447.92
645,7,86.74,386.13,18,45,16,153,2024-04-25,607.18
646,5,354.49,401.17,100,29,6,296,2023-03-01,1772.45
647,5,581.33,670.0,9,1,11,212,2020-08-12,2906.65
648,6,920.64,565.74,10,43,4,313,2021-12-03,5523.84
649,5,658.71,275.07,6,46,19,335,2024-01-08,3293.55
650,3,930.22,155.13,89,45,4,4,2023-05-16,2790.66
651,1,791.58,490.42,3,4,20,175,2021-10-22,791.58
652,6,77.11,185.05,29,38,13,235,2020-04-23,462.66
653,3,848.02,62.19,97,20,6,171,2023-09-18,2544.06
654,4,612.22,375.59,70,45,5,166,2022-07-22,2448.88
655,9,641.09,670.06,1,37,8,85,2024-05-27,5769.81
656,8,967.77,159.33,83,14,2,106,2022-01-28,7742.16
657,5,54.96,691.98,53,20,15,100,2023-01-08,274.8
658,9,202.55,655.59,70,47,19,340,2020-11-29,1822.95
659,3,243.76,465.19,60,45,2,195,2020-12-31,731.28
660,1,135.59,123.19,63,39,11,228,2023-02-05,135.59
661,5,805.05,70.73,92,35,13,103,2021-02-08,4025.25
662,9,717.5,94.83,66,35,3,64,2021-05-23,6457.5
663,1,68.74,460.27,78,33,2,143,2024-05-16,68.74
664,7,732.09,385.88,46,46,4,251,2023-01-24,5124.63
665,10,159.55,262.69,67,15,6,307,2022-01-20,1595.5
666,10,808.85,95.7,48,3,2,260,2022-10-27,8088.5
667,9,509.94,216.98,84,49,15,279,2022-12-29,4589.46
668,2,629.15,85.42,3,31,17,127,2024-07-14,1258.3
669,3,418.98,615.06,66,48,17,103,2023-11-14,1256.94
670,8,307.34,300.6,55,17,2,178,2020-09-16,2458.72
671,7,616.36,272.88,56,46,19,4,2021-08-07,4314.52
672,4,979.52,562.72,62,37,16,44,2021-06-12,3918.08
673,6,733.8,40.29,97,33,20,260,2021-10-04,4402.8
674,9,744.43,201.1,67,42,11,326,2024-08-14,6699.87
675,7,301.8,662.05,16,29,4,119,2023-04-04,2112.6
676,1,737.76,412.79,74,20,18,108,2020-02-17,737.76
677,3,773.27,512.3,83,8,5,102,2022-02-02,2319.81
678,7,407.26,381.27,11,9,19,357,2024-07-30,2850.82
679,4,255.86,437.25,17,32,11,170,2021-12-18,1023.44
680,9,658.05,38.67,36,15,12,309,2021-06-06,5922.45
681,9,272.65,247.75,96,22,18,197,2023-03-23,2453.85
682,5,538.75,407.53,81,39,20,248,2020-08-04,2693.75
683,10,175.22,105.43,43,49,8,190,2021-02-19,1752.2
684,8,230.93,372.32,61,39,9,143,2022-03-28,1847.44
685,1,312.18,219.11,82,28,15,147,2020-08-29,312.18
686,7,910.42,606.62,93,22,13,282,2023-11-07,6372.94
687,2,794.28,320.59,38,38,16,313,2022-01-05,1588.56
688,7,753.95,220.76,83,30,9,118,2023-11-15,5277.65
689,4,670.76,352.12,13,6,20,221,2023-05-12,2683.04
690,5,251.08,82.28,92,8,15,274,2023-04-15,1255.4
691,2,701.55,349.41,13,13,14,357,2022-03-20,1403.1
692,3,432.05,294.43,6,24,11,93,2022-07-12,1296.15
693,4,190.63,548.75,55,44,4,125,2021-07-06,762.52
694,5,56.62,282.57,9,28,20,217,2023-02-28,283.1
695,4,416.93,335.67,39,39,7,147,2021-06-21,1667.72
696,4,197.83,76.01,31,15,5,49,2022-06-05,791.32
697,4,418.98,303.69,26,7,16,130,2022-05-28,1675.92
698,7,959.3,34.05,89,5,5,23,2022-03-27,6715.1
699,7,971.52,190.7,48,7,10,261,2022-06-05,6800.64
700,3,323.16,34.9,1,4,19,261,2023-10-14,969.48
701,9,998.56,626.69,30,42,20,29,2020-04-26,8987.04
702,6,615.14,391.33,72,24,14,234,2024-06-27,3690.84
703,8,467.03,651.6,47,15,16,184,2021-08-31,3736.24
704,3,707.62,82.97,98,34,12,231,2022-05-07,2122.86
705,2,159.32,123.1,80,37,5,62,2022-04-22,318.64
706,6,597.08,401.16,61,20,7,356,2022-05-23,3582.48
707,4,924.74,484.96,64,32,13,178,2020-10-04,3698.96
708,7,64.94,117.32,14,3,10,127,2022-03-29,454.58
709,3,730.21,120.62,93,24,10,106,2021-07-31,2190.63
710,1,455.13,573.96,52,10,17,97,2024-07-25,455.13
711,10,132.63,473.17,87,28,15,166,2023-07-28,1326.3
712,2,675.45,509.59,99,31,3,176,2020-04-17,1350.9
713,6,779.51,259.07,51,38,18,103,2020-09-30,4677.06
714,9,782.09,695.81,58,12,2,184,2022-03-16,7038.81
715,10,995.45,101.04,63,5,13,157,2024-03-23,9954.5
716,10,850.63,204.23,20,32,9,160,2021-03-26,8506.3
717,9,163.84,80.07,3,33,3,215,2024-08-15,1474.56
718,10,479.24,66.33,85,8,4,130,2024-06-04,4792.4
719,7,141.56,500.29,29,47,11,230,2023-10-05,990.92
720,2,972.99,590.28,86,7,6,84,2024-01-14,1945.98
721,10,681.69,343.06,20,19,8,199,2021-09-24,6816.9
722,7,151.77,647.48,77,19,6,351,2022-06-14,1062.39
723,6,158.9,580.53,48,21,14,287,2024-02-16,953.4
724,8,571.15,261.21,51,47,12,274,2023-05-16,4569.2
725,5,287.73,351.47,15,49,2,229,2020-12-26,1438.65
726,3,489.15,70.43,40,17,1,352,2023-02-13,1467.45
727,5,159.05,525.08,59,16,18,134,2024-05-02,795.25
728,2,430.73,522.81,83,13,20,212,2020-08-21,861.46
729,4,914.85,393.79,22,32,2,32,2022-05-28,3659.4
730,3,165.75,141.14,45,49,20,19,2022-10-19,497.25
731,5,60.93,496.21,60,20,4,303,2023-12-30,304.65
732,8,435.82,464.41,75,14,18,146,2020-05-20,3486.56
733,9,514.51,505.8,8,29,2,9,2021-03-09,4630.59
734,3,664.79,525.96,71,46,7,78,2021-02-11,1994.37
735,8,880.27,263.89,39,40,2,74,2023-12-23,7042.16
736,6,661.18,393.01,95,8,5,209,2021-12-08,3967.08
737,4,117.94,119.52,31,28,5,115,2020-05-10,471.76
738,5,760.94,176.34,93,32,2,80,2020-10-10,3804.7
739,5,183.53,448.63,15,25,19,123,2021-02-10,917.65
740,2,473.69,385.06,54,4,14,215,2020-08-07,947.38
741,2,688.12,149.37,95,19,19,79,2023-01-27,1376.24
742,3,837.78,145.0,86,40,9,55,2022-05-03,2513.34
743,8,742.75,266.82,42,38,14,310,2020-06-06,5942.0
744,2,988.71,470.31,40,8,2,268,2022-06-08,1977.42
745,2,173.6,692.0,98,18,1,137,2020-01-16,347.2
746,3,187.49,45.39,72,49,20,237,2021-10-24,562.47
747,3,292.05,159.86,46,41,12,224,2021-05-19,876.15
748,8,675.72,427.73,87,21,20,249,2022-01-06,5405.76
749,10,334.18,249.89,91,37,8,290,2023-09-07,3341.8
750,2,168.75,433.66,70,23,7,138,2022-12-31,337.5
751,1,726.93,295.82,93,34,6,78,2020-08-11,726.93
752,1,423.19,430.46,90,9,16,347,2022-07-14,423.19
753,1,86.08,195.41,63,22,8,253,2024-06-24,86.08
754,6,783.48,675.33,94,34,19,96,2023-09-27,4700.88
755,10,648.92,77.63,38,35,1,30,2023-04-01,6489.2
756,10,93.59,643.07,76,46,3,16,2023-02-27,935.9
757,10,832.98,608.66,49,2,8,95,2020-02-02,8329.8
758,5,324.26,85.35,59,5,8,219,2024-02-24,1621.3
759,5,798.23,307.41,64,42,13,118,2022-10-11,3991.15
760,10,942.51,565.49,75,26,20,126,2020-12-08,9425.1
761,6,601.42,216.42,35,31,1,190,2022-11-30,3608.52
762,2,644.58,181.69,23,21,16,173,2022-12-15,1289.16
763,3,823.23,671.74,25,19,15,133,2020-12-12,2469.69
764,9,228.37,140.27,71,47,18,319,2021-07-10,2055.33
765,7,762.44,68.47,2,46,8,42,2024-03-05,5337.08
766,8,117.85,235.88,20,50,13,104,2024-05-15,942.8
767,7,426.97,56.71,24,24,15,112,2020-09-09,2988.79
768,6,260.22,432.81,15,4,12,209,2022-01-11,1561.32
769,3,828.62,615.66,18,45,16,174,2022-01-08,2485.86
770,1,959.6,359.56,26,38,8,332,2021-04-23,959.6
771,5,610.28,133.03,50,46,7,250,2020-12-30,3051.4
772,10,187.08,669.85,42,46,3,202,2020-10-12,1870.8
773,5,916.69,510.78,9,5,4,224,2023-09-16,4583.45
774,5,665.13,388.07,75,37,14,231,2021-11-22,3325.65
775,4,734.75,527.03,45,18,4,270,2024-03-25,2939.0
776,7,78.96,325.37,15,38,4,78,2020-06-09,552.72
777,6,639.08,408.49,24,14,7,286,2021-01-30,3834.48
778,5,723.25,494.86,10,40,17,82,2021-05-25,3616.25
779,4,58.46,170.24,30,29,12,31,2024-02-14,233.84
780,2,115.69,605.3,5,32,9,133,2024-02-04,231.38
781,5,454.61,247.79,65,21,9,22,2020-12-18,2273.05
782,6,870.69,168.57,87,15,1,276,2021-01-26,5224.14
783,9,485.88,621.43,97,15,9,280,2023-05-05,4372.92
784,4,563.37,30.41,34,33,9,314,2021-02-27,2253.48
785,1,141.24,282.6,26,21,9,216,2023-12-20,141.24
786,4,984.18,466.81,44,46,7,4,2021-09-22,3936.72
787,5,458.17,398.1,57,1,4,171,2020-05-19,2290.85
788,9,911.8,198.17,16,38,1,117,2023-10-08,8206.2
789,8,966.26,37.66,53,10,6,47,2022-06-07,7730.08
790,4,78.4,555.12,43,24,18,336,2020-02-10,313.6
791,4,53.18,535.33,15,37,11,116,2022-11-10,212.72
792,8,320.15,444.66,45,44,8,170,2022-05-27,2561.2
793,1,738.35,196.99,56,34,14,97,2020-06-20,738.35
794,9,547.94,685.98,98,33,19,178,2023-09-04,4931.46
795,1,159.21,45.24,100,36,20,188,2022-11-25,159.21
796,4,472.27,164.82,85,32,16,92,2023-10-03,1889.08
797,1,845.44,426.81,68,31,1,13,2021-03-09,845.44
798,6,776.47,508.67,57,6,12,70,2024-04-10,4658.82
799,6,586.58,140.33,3,42,5,247,2024-02-20,3519.48
800,5,300.45,352.51,99,8,4,131,2021-07-30,1502.25
801,1,777.67,213.19,16,39,19,344,2020-05-23,777.67
802,3,148.74,612.99,13,44,8,200,2020-09-11,446.22
803,10,219.17,245.63,85,36,11,92,2020-10-08,2191.7
804,5,806.23,640.84,77,40,15,351,2020-10-10,4031.15
805,10,866.56,329.39,91,8,18,287,2020-01-31,8665.6
806,10,490.84,434.22,44,13,6,195,2024-07-11,4908.4
807,10,408.63,71.59,19,4,1,192,2023-03-26,4086.3
808,3,725.56,308.03,7,7,14,46,2022-07-08,2176.68
809,10,547.45,309.01,86,15,9,195,2022-06-21,5474.5
810,7,599.45,244.2,59,8,10,327,2022-01-14,4196.15
811,8,600.86,415.95,54,9,16,287,2022-11-20,4806.88
812,5,274.48,568.79,44,38,12,190,2023-11-05,1372.4
813,9,941.65,115.34,81,36,9,271,2024-08-18,8474.85
814,4,215.9,83.93,36,26,16,45,2022-07-27,863.6
815,7,338.24,253.54,10,36,4,234,2023-09-17,2367.68
816,9,511.05,476.26,50,19,18,126,2023-04-17,4599.45
817,5,938.38,471.28,74,40,8,175,2022-05-11,4691.9
818,7,105.72,486.66,90,2,10,310,2022-05-17,740.04
819,3,549.85,414.42,11,30,11,284,2023-08-16,1649.55
820,9,328.6,279.88,86,29,4,134,2022-10-06,2957.4
821,9,992.75,426.65,14,16,16,43,2023-03-15,8934.75
822,8,910.1,285.24,37,10,17,273,2021-03-14,7280.8
823,6,785.02,112.16,22,25,12,8,2024-01-02,4710.12
824,7,412.85,491.15,13,40,14,41,2022-12-15,2889.95
825,8,190.33,398.99,75,49,19,205,2024-08-03,1522.64
826,7,694.4,433.73,64,31,15,116,2021-01-07,4860.8
827,6,477.17,340.62,60,50,19,16,2020-07-05,2863.02
828,1,772.93,647.4,29,37,14,263,2023-09-23,772.93
829,5,275.95,301.73,92,26,18,247,2022-12-24,1379.75
830,5,288.3,30.8,15,3,1,215,2022-10-13,1441.5
831,6,307.61,33.81,91,17,11,131,2021-01-03,1845.66
832,2,818.37,534.25,66,11,1,185,2020-03-13,1636.74
833,10,97.67,337.07,35,32,8,260,2024-02-04,976.7
834,3,833.32,574.75,42,48,8,364,2021-08-09,2499.96
835,7,846.22,449.54,58,50,12,287,2023-10-17,5923.54
836,4,146.16,263.53,42,1,2,72,2021-05-02,584.64
837,9,305.52,496.36,9,9,6,165,2022-07-07,2749.68
838,10,944.08,38.93,71,35,8,78,2024-04-23,9440.8
839,9,198.71,642.24,35,18,3,240,2023-05-09,1788.39
840,2,193.79,274.58,71,36,16,82,2024-08-18,387.58
841,8,526.77,690.58,94,28,9,205,2022-05-15,4214.16
842,10,139.98,536.54,73,27,16,175,2022-07-21,1399.8
843,6,332.96,196.64,7,29,9,23,2021-05-30,1997.76
844,9,222.23,393.69,4,15,5,118,2021-01-14,2000.07
845,9,567.13,172.83,68,50,17,294,2024-07-26,5104.17
846,7,408.85,406.73,33,36,5,178,2020-07-04,2861.95
847,2,788.02,313.6,92,15,7,93,2021-01-04,1576.04
848,7,501.53,52.69,42,21,10,123,2023-08-12,3510.71
849,8,521.16,314.38,70,18,3,187,2023-06-20,4169.28
850,5,522.59,662.77,16,13,1,218,2023-12-13,2612.95
851,8,463.94,81.58,79,44,11,127,2021-12-23,3711.52
852,5,869.49,211.69,53,31,10,35,2020-04-18,4347.45
853,2,437.25,485.08,66,40,7,142,2022-01-12,874.5
854,4,778.12,650.14,18,9,3,159,2021-01-14,3112.48
855,7,566.33,288.66,12,49,16,205,2021-03-27,3964.31
856,5,328.27,353.21,82,28,12,131,2021-03-31,1641.35
857,2,881.38,190.26,4,24,11,331,2020-12-10,1762.76
858,2,261.62,59.73,63,33,18,238,2021-12-19,523.24
859,9,868.05,367.54,32,4,2,96,2023-04-06,7812.45
860,4,292.43,72.1,25,24,1,297,2022-12-14,1169.72
861,5,890.17,560.31,70,12,13,331,2022-12-12,4450.85
862,7,619.71,605.49,64,34,9,114,2022-06-21,4337.97
863,8,275.04,532.57,35,46,9,351,2022-03-23,2200.32
864,5,394.06,568.03,18,43,19,261,2020-11-10,1970.3
865,5,887.72,575.23,75,21,8,249,2020-11-30,4438.6
866,5,416.03,486.56,23,14,17,248,2024-08-04,2080.15
867,4,379.23,203.2,62,6,8,297,2020-12-10,1516.92
868,7,213.9,169.43,43,7,16,132,2023-04-22,1497.3
869,6,941.58,502.12,48,11,9,208,2021-05-14,5649.48
870,10,719.4,527.92,5,3,5,7,2020-07-18,7194.0
871,7,931.33,664.91,25,15,18,79,2021-09-07,6519.31
872,1,207.4,172.81,29,45,11,203,2023-09-26,207.4
873,4,292.46,240.02,30,20,8,143,2020-07-09,1169.84
874,3,548.82,38.61,53,43,16,87,2020-09-27,1646.46
875,7,103.42,195.18,25,50,16,305,2020-10-25,723.94
876,2,311.19,44.4,3,25,19,90,2022-08-17,622.38
877,7,391.23,183.14,86,44,5,168,2022-10-16,2738.61
878,1,308.35,667.22,20,11,9,285,2021-02-08,308.35
879,4,371.2,418.98,61,36,7,100,2020-10-26,1484.8
880,6,272.48,211.33,70,31,7,275,2024-05-06,1634.88
881,6,114.66,202.39,31,32,7,38,2020-07-17,687.96
882,7,353.16,268.94,6,29,15,90,2023-01-01,2472.12
883,2,636.07,577.83,24,44,13,225,2022-02-11,1272.14
884,10,290.9,609.25,4,2,11,17,2024-01-28,2909.0
885,3,883.8,484.66,28,50,20,216,2024-02-16,2651.4
886,2,235.94,452.04,21,3,1,16,2023-03-04,471.88
887,9,838.37,497.03,51,43,17,52,2024-02-21,7545.33
888,7,188.62,391.63,61,25,12,289,2022-10-08,1320.34
889,3,687.85,497.99,79,32,15,266,2023-08-06,2063.55
890,6,862.08,285.5,57,3,7,62,2021-11-10,5172.48
891,7,275.09,353.49,15,13,4,334,2020-02-26,1925.63
892,8,941.43,332.35,36,13,13,307,2023-12-22,7531.44
893,3,353.79,619.48,62,6,6,14,2024-04-05,1061.37
894,2,938.72,655.66,41,10,18,254,2024-07-11,1877.44
895,6,273.9,80.82,45,35,18,266,2022-09-27,1643.4
896,4,915.3,687.03,71,38,12,129,2023-09-12,3661.2
897,9,933.37,369.87,2,35,5,137,2023-12-24,8400.33
898,5,716.92,690.29,42,30,2,197,2022-06-02,3584.6
899,3,947.48,336.57,65,32,17,44,2020-02-26,2842.44
900,5,941.15,292.41,35,2,8,240,2020-10-17,4705.75
901,4,720.43,535.58,28,37,6,297,2024-05-31,2881.72
902,8,783.71,326.58,26,1,16,248,2020-04-28,6269.68
903,7,677.29,552.51,49,16,17,71,2021-04-28,4741.03
904,9,496.23,349.68,8,39,8,20,2021-04-05,4466.07
905,9,361.56,78.86,75,39,20,43,2023-02-16,3254.04
906,8,167.58,617.48,18,17,9,250,2021-07-31,1340.64
907,9,863.67,459.06,75,13,3,7,2021-06-30,7773.03
908,9,757.74,444.79,49,36,19,115,2023-04-20,6819.66
909,7,788.16,631.42,62,1,1,24,2023-10-01,5517.12
910,4,358.88,698.81,24,37,19,274,2020-04-01,1435.52
911,1,191.14,400.33,31,21,4,132,2023-09-04,191.14
912,1,84.04,299.87,85,11,11,72,2022-03-03,84.04
913,9,201.73,606.59,28,31,15,186,2022-03-01,1815.57
914,10,165.37,451.22,62,9,1,142,2022-06-24,1653.7
915,4,67.44,48.01,29,48,5,23,2021-06-22,269.76
916,9,440.76,462.01,4,30,15,58,2021-08-19,3966.84
917,3,810.23,689.86,51,5,14,265,2023-02-08,2430.69
918,9,854.03,511.51,6,46,12,61,2022-07-22,7686.27
919,9,71.7,187.27,10,16,14,313,2023-01-16,645.3
920,1,410.08,528.31,6,45,5,94,2020-03-17,410.08
921,6,742.77,142.6,75,29,18,203,2023-02-16,4456.62
922,2,757.49,533.09,47,3,3,307,2021-12-09,1514.98
923,4,888.16,573.62,29,37,2,11,2021-03-16,3552.64
924,9,798.59,557.01,27,34,14,195,2020-05-05,7187.31
925,5,276.08,496.25,66,44,19,309,2021-11-08,1380.4
926,1,923.3,595.97,85,46,9,240,2021-09-27,923.3
927,2,904.12,85.06,8,12,17,185,2020-05-30,1808.24
928,1,295.37,261.52,89,38,4,235,2022-03-17,295.37
929,6,169.04,105.5,26,49,17,132,2023-09-21,1014.24
930,9,88.75,315.48,72,47,3,262,2020-05-20,798.75
931,4,232.18,96.53,42,9,6,117,2020-07-26,928.72
932,6,66.77,41.7,15,26,14,86,2023-10-11,400.62
933,4,94.96,408.23,33,28,14,62,2022-11-21,379.84
934,5,705.07,161.07,7,48,6,86,2021-06-01,3525.35
935,7,698.85,675.93,38,3,3,217,2020-03-07,4891.95
936,9,158.24,213.89,43,11,14,13,2022-02-05,1424.16
937,9,162.25,379.8,71,4,1,31,2023-05-07,1460.25
938,2,655.55,197.27,61,50,17,192,2021-08-17,1311.1
939,7,371.28,126.12,62,26,20,219,2020-10-02,2598.96
940,4,600.46,377.58,56,34,10,94,2020-06-02,2401.84
941,5,307.1,459.42,49,44,18,143,2023-08-04,1535.5
942,6,596.1,43.63,94,19,12,263,2022-12-03,3576.6
943,6,412.99,33.25,59,19,16,342,2022-09-05,2477.94
944,5,123.74,556.82,99,25,16,349,2022-10-16,618.7
945,8,112.91,673.39,91,16,7,92,2022-11-06,903.28
946,4,82.77,462.4,34,31,3,23,2021-03-09,331.08
947,4,110.0,658.02,93,48,10,32,2022-04-20,440.0
948,7,502.98,584.52,35,28,6,28,2024-01-08,3520.86
949,9,293.34,371.36,48,39,18,74,2022-03-19,2640.06
950,3,146.11,689.83,1,2,15,333,2020-04-29,438.33
951,9,838.27,478.96,24,28,20,317,2023-09-03,7544.43
952,1,54.97,186.71,40,10,3,225,2020-02-17,54.97
953,9,653.11,189.44,65,42,8,260,2021-10-04,5877.99
954,8,195.46,107.55,53,13,8,38,2022-07-02,1563.68
955,5,125.85,563.0,12,17,17,64,2020-01-11,629.25
956,9,144.15,312.47,35,18,16,311,2023-09-21,1297.35
957,1,508.99,291.78,70,2,12,15,2023-01-06,508.99
958,7,997.11,515.73,83,39,10,105,2020-10-26,6979.77
959,1,755.89,271.83,31,9,16,58,2024-03-01,755.89
960,7,827.31,364.87,10,1,19,89,2024-07-24,5791.17
961,9,322.13,91.61,28,22,13,245,2020-06-12,2899.17
962,8,787.65,321.22,82,20,10,76,2022-05-15,6301.2
963,9,520.72,486.55,71,10,12,10,2021-11-05,4686.48
964,10,105.02,221.29,32,13,7,239,2022-03-23,1050.2
965,10,855.63,523.45,58,47,13,252,2024-05-30,8556.3
966,5,378.83,289.27,68,45,4,278,2023-10-11,1894.15
967,4,473.16,349.52,99,14,12,309,2022-10-06,1892.64
968,10,329.97,679.13,26,33,17,178,2020-10-13,3299.7
969,6,251.95,86.85,14,1,8,77,2023-02-16,1511.7
970,10,928.49,621.61,98,13,3,177,2022-02-21,9284.9
971,4,571.91,640.02,13,17,15,213,2022-08-28,2287.64
972,2,349.11,55.05,35,16,3,240,2023-12-06,698.22
973,9,717.35,331.87,93,2,4,50,2021-12-15,6456.15
974,3,805.53,441.47,57,13,18,63,2023-10-17,2416.59
975,5,516.43,464.66,68,14,4,200,2024-03-03,2582.15
976,7,987.14,576.18,93,27,3,350,2021-06-13,6909.98
977,7,90.7,549.42,7,14,16,106,2020-07-12,634.9
978,1,335.12,435.66,26,11,20,34,2023-11-08,335.12
979,1,465.08,658.82,80,9,14,242,2021-03-03,465.08
980,1,263.26,92.25,8,5,18,187,2023-07-01,263.26
981,8,620.18,232.25,70,42,17,304,2023-07-30,4961.44
982,8,938.9,621.06,3,50,13,329,2024-09-01,7511.2
983,5,423.55,698.82,71,26,10,106,2024-02-02,2117.75
984,6,912.67,183.16,82,29,11,88,2020-09-22,5476.02
985,2,220.12,488.17,71,44,16,213,2020-06-06,440.24
986,5,776.95,276.4,21,24,1,361,2020-12-30,3884.75
987,4,410.72,202.86,21,28,3,40,2020-09-19,1642.88
988,6,787.96,306.84,85,44,9,50,2022-08-29,4727.76
989,9,734.75,502.4,22,32,12,264,2022-08-16,6612.75
990,4,711.76,337.44,18,4,6,246,2022-11-11,2847.04
991,6,869.32,167.48,20,49,10,58,2022-01-05,5215.92
992,6,833.8,332.3,25,20,16,260,2023-11-08,5002.8
993,9,313.92,41.25,21,12,4,316,2022-08-27,2825.28
994,1,396.46,326.66,46,27,8,236,2023-08-15,396.46
995,5,420.07,681.21,69,32,17,337,2021-08-10,2100.35
996,6,82.35,135.91,17,17,3,166,2020-10-18,494.1
997,8,452.31,334.5,98,45,6,317,2020-02-03,3618.48
998,5,290.61,184.86,35,16,14,228,2020-04-18,1453.05
999,10,285.32,245.72,95,18,7,238,2024-06-19,2853.2
1000,7,288.78,201.14,77,28,15,338,2020-08-23,2021.46
